<?xml version="1.0" encoding="UTF-8" standalone="no"?>
<FeedTheMouse>
    <Level>
        <Gear>
            <X>329</X>
            <Y>327</Y>
        </Gear>
        <Drum>
            <X>118</X>
            <Y>451</Y>
            <ANGLE>144.808838</ANGLE>
        </Drum>
        <Drum>
            <X>335</X>
            <Y>800</Y>
            <ANGLE>193.811829</ANGLE>
        </Drum>
        <TeeterTotter>
            <X>535</X>
            <Y>538</Y>
        </TeeterTotter>
        <TeeterTotter>
            <X>111</X>
            <Y>697</Y>
        </TeeterTotter>
    </Level>
    <Level>
        <Gear>
            <X>131</X>
            <Y>155</Y>
        </Gear>
        <Gear>
            <X>256</X>
            <Y>594</Y>
        </Gear>
        <Drum>
            <X>550</X>
            <Y>380</Y>
            <ANGLE>-311.319000</ANGLE>
        </Drum>
        <Drum>
            <X>77</X>
            <Y>483</Y>
            <ANGLE>-134.108185</ANGLE>
        </Drum>
        <TeeterTotter>
            <X>494</X>
            <Y>745</Y>
        </TeeterTotter>
    </Level>
    <Level>
        <Gear>
            <X>157</X>
            <Y>708</Y>
        </Gear>
        <Gear>
            <X>499</X>
            <Y>486</Y>
        </Gear>
        <Drum>
            <X>103</X>
            <Y>467</Y>
            <ANGLE>-131.708038</ANGLE>
        </Drum>
    </Level>
    <Level>
        <Gear>
            <X>102</X>
            <Y>478</Y>
        </Gear>
        <Gear>
            <X>527</X>
            <Y>472</Y>
        </Gear>
        <Drum>
            <X>109</X>
            <Y>293</Y>
            <ANGLE>-57.803528</ANGLE>
        </Drum>
        <Drum>
            <X>249</X>
            <Y>143</Y>
            <ANGLE>-41.402527</ANGLE>
        </Drum>
    </Level>
    <Level>
        <Gear>
            <X>134</X>
            <Y>615</Y>
        </Gear>
        <Gear>
            <X>507</X>
            <Y>789</Y>
        </Gear>
        <Gear>
            <X>399</X>
            <Y>455</Y>
        </Gear>
        <Gear>
            <X>99</X>
            <Y>297</Y>
        </Gear>
        <Drum>
            <X>544</X>
            <Y>331</Y>
            <ANGLE>-41.402527</ANGLE>
        </Drum>
        <Drum>
            <X>235</X>
            <Y>99</Y>
            <ANGLE>-26.701630</ANGLE>
        </Drum>
    </Level>
</FeedTheMouse>